[
  {
    "jid": "6285271079313@s.whatsapp.net",
    "db": [
      {
        "nama": "#menu",
        "count": 94
      },
      {
        "nama": "#public",
        "count": 20
      },
      {
        "nama": "#dashboard",
        "count": 11
      },
      {
        "nama": "#infobot",
        "count": 16
      },
      {
        "nama": "#hidetag",
        "count": 14
      },
      {
        "nama": "#donate",
        "count": 9
      },
      {
        "nama": "#owner",
        "count": 4
      },
      {
        "nama": "#self",
        "count": 3
      },
      {
        "nama": "#delete",
        "count": 3
      },
      {
        "nama": "#sticker",
        "count": 5
      },
      {
        "nama": "#antilink",
        "count": 2
      },
      {
        "nama": "#fakehidetag",
        "count": 1
      },
      {
        "nama": "#revoke",
        "count": 1
      },
      {
        "nama": "#linkgc",
        "count": 1
      },
      {
        "nama": "#nuliskiri",
        "count": 1
      }
    ]
  },
  {
    "jid": "601114231951@s.whatsapp.net",
    "db": [
      {
        "nama": "#menu",
        "count": 2
      },
      {
        "nama": "#dashboard",
        "count": 1
      },
      {
        "nama": "#infobot",
        "count": 1
      }
    ]
  },
  {
    "jid": "6281261315167@s.whatsapp.net",
    "db": [
      {
        "nama": "#menu",
        "count": 2
      },
      {
        "nama": "#infobot",
        "count": 1
      }
    ]
  },
  {
    "jid": "628975079683@s.whatsapp.net",
    "db": [
      {
        "nama": "#dashboard",
        "count": 1
      },
      {
        "nama": "#infobot",
        "count": 1
      },
      {
        "nama": "#menu",
        "count": 1
      }
    ]
  }
]