[
  {
    "nama": "#menu",
    "count": 99
  },
  {
    "nama": "#public",
    "count": 20
  },
  {
    "nama": "#infobot",
    "count": 19
  },
  {
    "nama": "#hidetag",
    "count": 14
  },
  {
    "nama": "#dashboard",
    "count": 13
  },
  {
    "nama": "#donate",
    "count": 9
  },
  {
    "nama": "#sticker",
    "count": 5
  },
  {
    "nama": "#owner",
    "count": 4
  },
  {
    "nama": "#delete",
    "count": 3
  },
  {
    "nama": "#self",
    "count": 3
  },
  {
    "nama": "#antilink",
    "count": 2
  },
  {
    "nama": "#nuliskiri",
    "count": 1
  },
  {
    "nama": "#fakehidetag",
    "count": 1
  },
  {
    "nama": "#revoke",
    "count": 1
  },
  {
    "nama": "#linkgc",
    "count": 1
  }
]