[
   {
      "id": "120363020394884447@g.us",
      "key": "ml",
      "response": "🔥 *MOBILE LEGENDS* 🔥 \n\n*Diamonds*\n*Gift item*\n\n*HARGA SEWAKTU-WAKTU BERUBAH* ❗️ *BACA KETERANGAN SETIAP PAKET SEBELUM ORDER!* ❗️ \n💵 _Pembayaran? ketik_ *Payment*",
      "isImage": false,
      "image_url": "-"
   },
   {
      "id": "6285271079313-1618814326@g.us",
      "key": "joki",
      "response": "joki level 13-20 harga 100k",
      "isImage": false,
      "image_url": "-"
   },
   {
      "id": "6285271079313-1617927992@g.us",
      "key": "abc",
      "response": "bac",
      "isImage": false,
      "image_url": "-"
   },
   {
      "id": "6285271079313-1617927992@g.us",
      "key": "bac",
      "response": "KBs",
      "isImage": false,
      "image_url": "-"
   },
   {
      "id": "120363042352721571@g.us",
      "key": "bakc",
      "response": "jcj",
      "isImage": false,
      "image_url": "-"
   },
   {
      "id": "120363026498240921@g.us",
      "key": "abc",
      "response": "bfks",
      "isImage": false,
      "image_url": "-"
   },
   {
      "id": "120363026498240921@g.us",
      "key": "abcks",
      "response": "",
      "isImage": true,
      "image_url": "https://telegra.ph/file/41c668d34ec976968751d.jpg"
   },
   {
      "id": "6285271079313-1617871640@g.us",
      "key": "Po skin",
      "response": "yss",
      "isImage": false,
      "image_url": "-"
   },
   {
      "id": "120363044232557460@g.us",
      "key": "abc",
      "response": "kdm",
      "isImage": false,
      "image_url": "-"
   },
   {
      "id": "120363044232557460@g.us",
      "key": "victor",
      "response": "ganteng",
      "isImage": false,
      "image_url": "-"
   }
]